#Uploaded_variation,Location,Allele,Consequence,IMPACT,SYMBOL,Gene,Feature_type,Feature,BIOTYPE,EXON,INTRON,HGVSc,HGVSp,cDNA_position,CDS_position,Protein_position,Amino_acids,Codons,Existing_variation,DISTANCE,STRAND,FLAGS,SYMBOL_SOURCE,HGNC_ID,MANE,TSL,APPRIS,SIFT,PolyPhen,AF,CLIN_SIG,SOMATIC,PHENO,PUBMED,MOTIF_NAME,MOTIF_POS,HIGH_INF_POS,MOTIF_SCORE_CHANGE
.,1:14574-14574,G,downstream_gene_variant,MODIFIER,DDX11L1,ENSG00000223972,Transcript,ENST00000450305.2,transcribed_unprocessed_pseudogene,-,-,-,-,-,-,-,-,-,rs28503599,904,1,-,HGNC,HGNC:37102,-,-,-,-,-,-,-,-,-,-,-,-,-,-
.,1:14574-14574,G,downstream_gene_variant,MODIFIER,DDX11L1,ENSG00000223972,Transcript,ENST00000456328.2,processed_transcript,-,-,-,-,-,-,-,-,-,rs28503599,165,1,-,HGNC,HGNC:37102,-,1,-,-,-,-,-,-,-,-,-,-,-,-
.,1:14574-14574,G,"intron_variant,non_coding_transcript_variant",MODIFIER,WASH7P,ENSG00000227232,Transcript,ENST00000488147.1,unprocessed_pseudogene,-,10月10日,-,-,-,-,-,-,-,rs28503599,-,-1,-,HGNC,HGNC:38034,-,-,-,-,-,-,-,-,-,-,-,-,-,-
.,1:14574-14574,G,downstream_gene_variant,MODIFIER,MIR6859-1,ENSG00000278267,Transcript,ENST00000619216.1,miRNA,-,-,-,-,-,-,-,-,-,rs28503599,2795,-1,-,HGNC,HGNC:50039,-,-,-,-,-,-,-,-,-,-,-,-,-,-
.,1:14590-14590,A,downstream_gene_variant,MODIFIER,DDX11L1,ENSG00000223972,Transcript,ENST00000450305.2,transcribed_unprocessed_pseudogene,-,-,-,-,-,-,-,-,-,rs707679,920,1,-,HGNC,HGNC:37102,-,-,-,-,-,-,-,-,-,-,-,-,-,-
.,1:14590-14590,A,downstream_gene_variant,MODIFIER,DDX11L1,ENSG00000223972,Transcript,ENST00000456328.2,processed_transcript,-,-,-,-,-,-,-,-,-,rs707679,181,1,-,HGNC,HGNC:37102,-,1,-,-,-,-,-,-,-,-,-,-,-,-
.,1:14590-14590,A,"intron_variant,non_coding_transcript_variant",MODIFIER,WASH7P,ENSG00000227232,Transcript,ENST00000488147.1,unprocessed_pseudogene,-,10月10日,-,-,-,-,-,-,-,rs707679,-,-1,-,HGNC,HGNC:38034,-,-,-,-,-,-,-,-,-,-,-,-,-,-
.,1:14590-14590,A,downstream_gene_variant,MODIFIER,MIR6859-1,ENSG00000278267,Transcript,ENST00000619216.1,miRNA,-,-,-,-,-,-,-,-,-,rs707679,2779,-1,-,HGNC,HGNC:50039,-,-,-,-,-,-,-,-,-,-,-,-,-,-
.,1:14599-14599,A,downstream_gene_variant,MODIFIER,DDX11L1,ENSG00000223972,Transcript,ENST00000450305.2,transcribed_unprocessed_pseudogene,-,-,-,-,-,-,-,-,-,rs707680,929,1,-,HGNC,HGNC:37102,-,-,-,-,-,0.1476,-,-,-,-,-,-,-,-
.,1:14599-14599,A,downstream_gene_variant,MODIFIER,DDX11L1,ENSG00000223972,Transcript,ENST00000456328.2,processed_transcript,-,-,-,-,-,-,-,-,-,rs707680,190,1,-,HGNC,HGNC:37102,-,1,-,-,-,0.1476,-,-,-,-,-,-,-,-
.,1:14599-14599,A,"intron_variant,non_coding_transcript_variant",MODIFIER,WASH7P,ENSG00000227232,Transcript,ENST00000488147.1,unprocessed_pseudogene,-,10月10日,-,-,-,-,-,-,-,rs707680,-,-1,-,HGNC,HGNC:38034,-,-,-,-,-,0.1476,-,-,-,-,-,-,-,-
.,1:14599-14599,A,downstream_gene_variant,MODIFIER,MIR6859-1,ENSG00000278267,Transcript,ENST00000619216.1,miRNA,-,-,-,-,-,-,-,-,-,rs707680,2770,-1,-,HGNC,HGNC:50039,-,-,-,-,-,0.1476,-,-,-,-,-,-,-,-
.,1:14604-14604,G,downstream_gene_variant,MODIFIER,DDX11L1,ENSG00000223972,Transcript,ENST00000450305.2,transcribed_unprocessed_pseudogene,-,-,-,-,-,-,-,-,-,rs541940975,934,1,-,HGNC,HGNC:37102,-,-,-,-,-,0.1476,-,-,-,-,-,-,-,-
.,1:14604-14604,G,downstream_gene_variant,MODIFIER,DDX11L1,ENSG00000223972,Transcript,ENST00000456328.2,processed_transcript,-,-,-,-,-,-,-,-,-,rs541940975,195,1,-,HGNC,HGNC:37102,-,1,-,-,-,0.1476,-,-,-,-,-,-,-,-
.,1:14604-14604,G,"intron_variant,non_coding_transcript_variant",MODIFIER,WASH7P,ENSG00000227232,Transcript,ENST00000488147.1,unprocessed_pseudogene,-,10月10日,-,-,-,-,-,-,-,rs541940975,-,-1,-,HGNC,HGNC:38034,-,-,-,-,-,0.1476,-,-,-,-,-,-,-,-
.,1:14604-14604,G,downstream_gene_variant,MODIFIER,MIR6859-1,ENSG00000278267,Transcript,ENST00000619216.1,miRNA,-,-,-,-,-,-,-,-,-,rs541940975,2765,-1,-,HGNC,HGNC:50039,-,-,-,-,-,0.1476,-,-,-,-,-,-,-,-
.,1:14610-14610,C,downstream_gene_variant,MODIFIER,DDX11L1,ENSG00000223972,Transcript,ENST00000450305.2,transcribed_unprocessed_pseudogene,-,-,-,-,-,-,-,-,-,rs878986575,940,1,-,HGNC,HGNC:37102,-,-,-,-,-,-,-,-,-,-,-,-,-,-
.,1:14610-14610,C,downstream_gene_variant,MODIFIER,DDX11L1,ENSG00000223972,Transcript,ENST00000456328.2,processed_transcript,-,-,-,-,-,-,-,-,-,rs878986575,201,1,-,HGNC,HGNC:37102,-,1,-,-,-,-,-,-,-,-,-,-,-,-
.,1:14610-14610,C,"intron_variant,non_coding_transcript_variant",MODIFIER,WASH7P,ENSG00000227232,Transcript,ENST00000488147.1,unprocessed_pseudogene,-,10月10日,-,-,-,-,-,-,-,rs878986575,-,-1,-,HGNC,HGNC:38034,-,-,-,-,-,-,-,-,-,-,-,-,-,-
.,1:14610-14610,C,downstream_gene_variant,MODIFIER,MIR6859-1,ENSG00000278267,Transcript,ENST00000619216.1,miRNA,-,-,-,-,-,-,-,-,-,rs878986575,2759,-1,-,HGNC,HGNC:50039,-,-,-,-,-,-,-,-,-,-,-,-,-,-
.,1:14653-14653,T,downstream_gene_variant,MODIFIER,DDX11L1,ENSG00000223972,Transcript,ENST00000450305.2,transcribed_unprocessed_pseudogene,-,-,-,-,-,-,-,-,-,rs62635297,983,1,-,HGNC,HGNC:37102,-,-,-,-,-,-,-,-,-,-,-,-,-,-
.,1:14653-14653,T,downstream_gene_variant,MODIFIER,DDX11L1,ENSG00000223972,Transcript,ENST00000456328.2,processed_transcript,-,-,-,-,-,-,-,-,-,rs62635297,244,1,-,HGNC,HGNC:37102,-,1,-,-,-,-,-,-,-,-,-,-,-,-
.,1:14653-14653,T,"intron_variant,non_coding_transcript_variant",MODIFIER,WASH7P,ENSG00000227232,Transcript,ENST00000488147.1,unprocessed_pseudogene,-,10月10日,-,-,-,-,-,-,-,rs62635297,-,-1,-,HGNC,HGNC:38034,-,-,-,-,-,-,-,-,-,-,-,-,-,-
.,1:14653-14653,T,downstream_gene_variant,MODIFIER,MIR6859-1,ENSG00000278267,Transcript,ENST00000619216.1,miRNA,-,-,-,-,-,-,-,-,-,rs62635297,2716,-1,-,HGNC,HGNC:50039,-,-,-,-,-,-,-,-,-,-,-,-,-,-
.,1:14907-14907,G,downstream_gene_variant,MODIFIER,DDX11L1,ENSG00000223972,Transcript,ENST00000450305.2,transcribed_unprocessed_pseudogene,-,-,-,-,-,-,-,-,-,rs6682375,1237,1,-,HGNC,HGNC:37102,-,-,-,-,-,-,-,-,-,-,-,-,-,-
.,1:14907-14907,G,downstream_gene_variant,MODIFIER,DDX11L1,ENSG00000223972,Transcript,ENST00000456328.2,processed_transcript,-,-,-,-,-,-,-,-,-,rs6682375,498,1,-,HGNC,HGNC:37102,-,1,-,-,-,-,-,-,-,-,-,-,-,-
.,1:14907-14907,G,"intron_variant,non_coding_transcript_variant",MODIFIER,WASH7P,ENSG00000227232,Transcript,ENST00000488147.1,unprocessed_pseudogene,-,10月10日,-,-,-,-,-,-,-,rs6682375,-,-1,-,HGNC,HGNC:38034,-,-,-,-,-,-,-,-,-,-,-,-,-,-
.,1:14907-14907,G,downstream_gene_variant,MODIFIER,MIR6859-1,ENSG00000278267,Transcript,ENST00000619216.1,miRNA,-,-,-,-,-,-,-,-,-,rs6682375,2462,-1,-,HGNC,HGNC:50039,-,-,-,-,-,-,-,-,-,-,-,-,-,-
.,1:14930-14930,G,downstream_gene_variant,MODIFIER,DDX11L1,ENSG00000223972,Transcript,ENST00000450305.2,transcribed_unprocessed_pseudogene,-,-,-,-,-,-,-,-,-,rs6682385,1260,1,-,HGNC,HGNC:37102,-,-,-,-,-,0.4822,-,-,-,-,-,-,-,-
.,1:14930-14930,G,downstream_gene_variant,MODIFIER,DDX11L1,ENSG00000223972,Transcript,ENST00000456328.2,processed_transcript,-,-,-,-,-,-,-,-,-,rs6682385,521,1,-,HGNC,HGNC:37102,-,1,-,-,-,0.4822,-,-,-,-,-,-,-,-
.,1:14930-14930,G,"intron_variant,non_coding_transcript_variant",MODIFIER,WASH7P,ENSG00000227232,Transcript,ENST00000488147.1,unprocessed_pseudogene,-,10月10日,-,-,-,-,-,-,-,rs6682385,-,-1,-,HGNC,HGNC:38034,-,-,-,-,-,0.4822,-,-,-,-,-,-,-,-
.,1:14930-14930,G,downstream_gene_variant,MODIFIER,MIR6859-1,ENSG00000278267,Transcript,ENST00000619216.1,miRNA,-,-,-,-,-,-,-,-,-,rs6682385,2439,-1,-,HGNC,HGNC:50039,-,-,-,-,-,0.4822,-,-,-,-,-,-,-,-
.,1:14933-14933,A,downstream_gene_variant,MODIFIER,DDX11L1,ENSG00000223972,Transcript,ENST00000450305.2,transcribed_unprocessed_pseudogene,-,-,-,-,-,-,-,-,-,rs199856693,1263,1,-,HGNC,HGNC:37102,-,-,-,-,-,0.0283,-,-,-,-,-,-,-,-
.,1:14933-14933,A,downstream_gene_variant,MODIFIER,DDX11L1,ENSG00000223972,Transcript,ENST00000456328.2,processed_transcript,-,-,-,-,-,-,-,-,-,rs199856693,524,1,-,HGNC,HGNC:37102,-,1,-,-,-,0.0283,-,-,-,-,-,-,-,-
.,1:14933-14933,A,"intron_variant,non_coding_transcript_variant",MODIFIER,WASH7P,ENSG00000227232,Transcript,ENST00000488147.1,unprocessed_pseudogene,-,10月10日,-,-,-,-,-,-,-,rs199856693,-,-1,-,HGNC,HGNC:38034,-,-,-,-,-,0.0283,-,-,-,-,-,-,-,-
.,1:14933-14933,A,downstream_gene_variant,MODIFIER,MIR6859-1,ENSG00000278267,Transcript,ENST00000619216.1,miRNA,-,-,-,-,-,-,-,-,-,rs199856693,2436,-1,-,HGNC,HGNC:50039,-,-,-,-,-,0.0283,-,-,-,-,-,-,-,-
.,1:14976-14976,A,downstream_gene_variant,MODIFIER,DDX11L1,ENSG00000223972,Transcript,ENST00000450305.2,transcribed_unprocessed_pseudogene,-,-,-,-,-,-,-,-,-,rs71252251,1306,1,-,HGNC,HGNC:37102,-,-,-,-,-,-,-,-,-,-,-,-,-,-
.,1:14976-14976,A,downstream_gene_variant,MODIFIER,DDX11L1,ENSG00000223972,Transcript,ENST00000456328.2,processed_transcript,-,-,-,-,-,-,-,-,-,rs71252251,567,1,-,HGNC,HGNC:37102,-,1,-,-,-,-,-,-,-,-,-,-,-,-
.,1:14976-14976,A,"intron_variant,non_coding_transcript_variant",MODIFIER,WASH7P,ENSG00000227232,Transcript,ENST00000488147.1,unprocessed_pseudogene,-,10月10日,-,-,-,-,-,-,-,rs71252251,-,-1,-,HGNC,HGNC:38034,-,-,-,-,-,-,-,-,-,-,-,-,-,-
.,1:14976-14976,A,downstream_gene_variant,MODIFIER,MIR6859-1,ENSG00000278267,Transcript,ENST00000619216.1,miRNA,-,-,-,-,-,-,-,-,-,rs71252251,2393,-1,-,HGNC,HGNC:50039,-,-,-,-,-,-,-,-,-,-,-,-,-,-
.,1:15118-15118,G,downstream_gene_variant,MODIFIER,DDX11L1,ENSG00000223972,Transcript,ENST00000450305.2,transcribed_unprocessed_pseudogene,-,-,-,-,-,-,-,-,-,rs11580262,1448,1,-,HGNC,HGNC:37102,-,-,-,-,-,-,-,-,-,-,-,-,-,-
.,1:15118-15118,G,downstream_gene_variant,MODIFIER,DDX11L1,ENSG00000223972,Transcript,ENST00000456328.2,processed_transcript,-,-,-,-,-,-,-,-,-,rs11580262,709,1,-,HGNC,HGNC:37102,-,1,-,-,-,-,-,-,-,-,-,-,-,-
.,1:15118-15118,G,"intron_variant,non_coding_transcript_variant",MODIFIER,WASH7P,ENSG00000227232,Transcript,ENST00000488147.1,unprocessed_pseudogene,-,9月10日,-,-,-,-,-,-,-,rs11580262,-,-1,-,HGNC,HGNC:38034,-,-,-,-,-,-,-,-,-,-,-,-,-,-
.,1:15118-15118,G,downstream_gene_variant,MODIFIER,MIR6859-1,ENSG00000278267,Transcript,ENST00000619216.1,miRNA,-,-,-,-,-,-,-,-,-,rs11580262,2251,-1,-,HGNC,HGNC:50039,-,-,-,-,-,-,-,-,-,-,-,-,-,-
.,1:15211-15211,G,downstream_gene_variant,MODIFIER,DDX11L1,ENSG00000223972,Transcript,ENST00000450305.2,transcribed_unprocessed_pseudogene,-,-,-,-,-,-,-,-,-,rs3982632,1541,1,-,HGNC,HGNC:37102,-,-,-,-,-,-,-,-,-,-,-,-,-,-
.,1:15211-15211,G,downstream_gene_variant,MODIFIER,DDX11L1,ENSG00000223972,Transcript,ENST00000456328.2,processed_transcript,-,-,-,-,-,-,-,-,-,rs3982632,802,1,-,HGNC,HGNC:37102,-,1,-,-,-,-,-,-,-,-,-,-,-,-
.,1:15211-15211,G,"intron_variant,non_coding_transcript_variant",MODIFIER,WASH7P,ENSG00000227232,Transcript,ENST00000488147.1,unprocessed_pseudogene,-,9月10日,-,-,-,-,-,-,-,rs3982632,-,-1,-,HGNC,HGNC:38034,-,-,-,-,-,-,-,-,-,-,-,-,-,-
.,1:15211-15211,G,downstream_gene_variant,MODIFIER,MIR6859-1,ENSG00000278267,Transcript,ENST00000619216.1,miRNA,-,-,-,-,-,-,-,-,-,rs3982632,2158,-1,-,HGNC,HGNC:50039,-,-,-,-,-,-,-,-,-,-,-,-,-,-
.,1:15820-15820,T,downstream_gene_variant,MODIFIER,DDX11L1,ENSG00000223972,Transcript,ENST00000450305.2,transcribed_unprocessed_pseudogene,-,-,-,-,-,-,-,-,-,rs2691315,2150,1,-,HGNC,HGNC:37102,-,-,-,-,-,0.4105,-,-,-,-,-,-,-,-
.,1:15820-15820,T,downstream_gene_variant,MODIFIER,DDX11L1,ENSG00000223972,Transcript,ENST00000456328.2,processed_transcript,-,-,-,-,-,-,-,-,-,rs2691315,1411,1,-,HGNC,HGNC:37102,-,1,-,-,-,0.4105,-,-,-,-,-,-,-,-
.,1:15820-15820,T,non_coding_transcript_exon_variant,MODIFIER,WASH7P,ENSG00000227232,Transcript,ENST00000488147.1,unprocessed_pseudogene,9月11日,-,-,-,1195,-,-,-,-,rs2691315,-,-1,-,HGNC,HGNC:38034,-,-,-,-,-,0.4105,-,-,-,-,-,-,-,-
.,1:15820-15820,T,downstream_gene_variant,MODIFIER,MIR6859-1,ENSG00000278267,Transcript,ENST00000619216.1,miRNA,-,-,-,-,-,-,-,-,-,rs2691315,1549,-1,-,HGNC,HGNC:50039,-,-,-,-,-,0.4105,-,-,-,-,-,-,-,-
.,1:15820-15820,T,regulatory_region_variant,MODIFIER,-,-,RegulatoryFeature,ENSR00000344266,-,-,-,-,-,-,-,-,-,-,rs2691315,-,-,-,-,-,-,-,-,-,-,0.4105,-,-,-,-,-,-,-,-
.,1:15820-15820,T,TF_binding_site_variant,MODIFIER,-,-,MotifFeature,ENSM00000173493,-,-,-,-,-,-,-,-,-,-,rs2691315,-,1,-,-,-,-,-,-,-,-,0.4105,-,-,-,-,ENSM00000173493,17,N,-0.005
.,1:16257-16257,C,downstream_gene_variant,MODIFIER,DDX11L1,ENSG00000223972,Transcript,ENST00000450305.2,transcribed_unprocessed_pseudogene,-,-,-,-,-,-,-,-,-,rs11489794,2587,1,-,HGNC,HGNC:37102,-,-,-,-,-,-,-,-,-,-,-,-,-,-
